{
  "utente_locale": {
    "nome": "simone",
    "eta": null,
    "data_nascita": null,
    "indirizzo": null,
    "orientamento": null,
    "preferenze": [
      "ci senti dopo J"
    ],
    "eventi": [
      {
        "data": "2025-04-18",
        "titolo": "Inizio realizzazione",
        "descrizione": "Inizio relaizzazione Reattore"
      }
    ],
    "progetti": [
      {
        "titolo": "Arc Reactor",
        "descrizione": "creazione reattore ARC"
      }
    ],
    "appunti": [
      {
        "titolo": "lol",
        "descrizione": "lol"
      }
    ]
  }
}